"DESCRIPTION","DURATION IN MS","NAME","PARENT SUITE","START TIME","STATUS","STOP TIME","SUB SUITE","SUITE","TEST CLASS","TEST METHOD"
"
Automated Test Case: Verify user can search and add a product to the cart.
","628","test_add_product_to_cart","tests","2026-06-24","passed","2026-06-24","","test_add_product_to_cart","",""
"
Automated Test Case: Verify that login succeeds for valid user credentials.
","3365","test_valid_user_login","tests","2026-06-24","passed","2026-06-24","","test_login","",""
"","250","test_product_search","tests","2026-06-24","passed","2026-06-24","","test_product_search","",""
"
Automated Test Case: Verify that login fails for invalid user credentials.
","350","test_invalid_user_login","tests","2026-06-24","passed","2026-06-24","","test_login","",""
"
Automated Test Case: Verify that a new user can successfully register an account.
","569","test_user_registration","tests","2026-06-24","passed","2026-06-24","","test_user_registration","",""
